Year,Total Deaths,No Injured,No Affected,No Homeless,Total Affected,Total Damages ('000 US$),"Total Damages, Adjusted ('000 US$)",Location_id
1909,40,,,,,,,271
1914,20,20,,,20,,,116
1914,20,20,,,20,,,2729
1917,15000,,,,,,,271
1919,5000,,,,,,,1008
1924,727,,,11250,11250,,,2266
1927,50,50,,,50,,,2631
1927,50,50,,,50,,,55
1928,128,,,,,,,1701
1930,1369,,,,,,,6
1931,1300,,,,,,,271
1932,6,115,,2960,3075,,,465
1936,9,20,,,20,,,1401
1936,17,,,,,,,1933
1936,17,,,,,,,1380
1938,,,920,4710,5630,,,707
1942,13,,,,,,,2785
1942,13,,,,,,,1405
1943,213,2096,14000,,16096,,,940
1951,1300,,,,,,,271
1953,114,,,,,,,271
1954,37,,,,,,,271
1955,405,,,,,,,271
1956,300,,,,,,,271
1958,8,1856,1030,475,3361,,,2490
1963,1584,,78000,,78000,,,271
1963,106,,,,,,,271
1965,71,,15000,,15000,,,2259
1966,8000,,204000,,204000,,,1330
1966,8000,,204000,,204000,,,816
1966,1000,60,5000,,5060,,,2205
1966,88,2000,40000,,42000,,,2675
1966,176,100,524000,,524100,33000,275492,496
1966,176,100,524000,,524100,33000,275492,596
1967,71,100,,,100,,,2722
1967,54,121,,8290,8411,,,818
1967,200,,,,,,,271
1967,,,55000,,55000,,,818
1967,,,102000,40000,142000,,,1028
1967,,,7000,,7000,,,1884
1967,160,,,,,,,2822
1968,200,,,,,,,547
1968,40,,94,,94,,,60
1968,12,,150000,,150000,7831,61005,818
1969,64,97,,6435,6532,,,2615
1969,64,97,,6435,6532,,,1046
1969,,,250000,,250000,200,1477,1725
1969,,,250000,,250000,200,1477,1405
1969,,,250000,,250000,200,1477,2695
1970,50,,,,,,,1379
1970,82,,,,,,,1379
1972,,,3500000,,3500000,70000,453596,2822
1972,,,3500000,,3500000,70000,453596,1935
1972,72,,,,,,,2560
1973,1650,,,,,,,1725
1973,52,24,10,,34,,,1118
1974,10,,2000,,2000,,,418
1976,420,,15000,,15000,25000,119038,910
1976,573,4755,450000,,454755,195000,928495,271
1976,133,,7000,,7000,,,2766
1976,133,,7000,,7000,,,1306
1976,40,,,,,,,271
1976,163,20,20000,,20020,,,818
1976,163,20,20000,,20020,,,1952
1976,25,,,,,,,271
1977,185,75,3900,,3975,1200,5365,2113
1977,2,25,,,25,,,2658
1977,1,60,3000,,3060,,,2822
1977,37,,29942,,29942,,,1028
1977,80,,,,,,,818
1977,10,,260000,,260000,,,1028
1977,10,,260000,,260000,,,596
1977,,,25000,,25000,,,2822
1977,12,,5000,,5000,,,1361
1977,12,,5000,,5000,,,2323
1978,82,,,,,,,1445
1978,41,,7000,,7000,,,818
1978,21,,8000,,8000,,,744
1978,21,,8000,,8000,,,752
1978,63,,17220,,17220,1200,4985,874
1978,11,,70,,70,,,1028
1978,,,200000,,200000,,,1008
1978,8,,51600,15000,66600,,,2690
1979,2,5,5000,,5005,,,951
1979,2,5,5000,,5005,,,1529
1979,539,23,,,23,,,498
1979,34,48,18000,18000,36048,4150,15495,1412
1979,26,200,43000,,43200,16000,59738,599
1979,5,,1500,,1500,,,2847
1979,32,619,,,619,,,271
1979,32,619,,,619,,,964
1979,175,1000,17000,10000,28000,,,190
1979,82,,,,,,,46
1979,23,6,,,6,,,1279
1979,12,,,,,,,2637
1979,128,350,20000,4000,24350,3200,11948,2304
1979,23,,4500,,4500,,,599
1979,13,,6000,,6000,,,1928
1980,,,20000,,20000,,,2541
1980,,,52235,,52235,,,2425
1980,100,10,,3000,3010,,,262
1980,,,,800,800,,,599
1980,153,,2946,,2946,3400,11180,2822
1981,306,,2682,,2682,5000,14901,2282
1981,192,,,5000,5000,,,2983
1981,9,,206000,6000,212000,,,2765
1981,,,6000,,6000,,,1628
1981,431,,,,,,,630
1981,,,36500,,36500,,,2504
1981,500,,,,,2200,6556,1876
1981,,,140000,,140000,,,2822
1982,13,417,6400,2000,8817,1450,4072,2736
1982,,,15000,,15000,3500,9828,2105
1982,280,,,,,,,2766
1982,280,,,,,,,1170
1982,30,,300000,,300000,160000,449276,1379
1982,,,30000,,30000,,,2631
1982,50,,,,,,,1621
1982,225,,3000,,3000,,,2805
1982,2,123,,,123,,,1778
1982,39,,200,,200,,,2822
1982,12,130,,,130,,,1232
1982,,,25000,,25000,,,2505
1982,,,12500,,12500,,,2766
1982,3,,1500,,1500,,,2573
1983,,100,,,100,1000,2721,2826
1983,,,2500,,2500,,,1552
1983,,,7101,,7101,25500,69375,2721
1983,,,6334,,6334,149690,407244,271
1983,21,,,,,,,271
1983,120,,,,,,,1601
1983,104,,,,,,,2177
1983,11,,2000,,2000,,,811
1983,2,,5000,,5000,,,2690
1983,2,,5000,,5000,,,2403
1983,7,17,410480,,410497,7007,19063,1379
1983,7,17,410480,,410497,7007,19063,162
1984,2,89,,,89,,,131
1984,,108,1750,,1858,1000,2608,2819
1984,,,6000,,6000,,,1799
1984,,,17000,,17000,,,2542
1984,,,5000,,5000,,,469
1984,105,,4000,,4000,,,469
1984,105,,4000,,4000,,,975
1984,25,100,7500,,7600,,,330
1984,230,,2000,,2000,,,1098
1984,230,,2000,,2000,,,3001
1984,,,2700,,2700,1500,3913,599
1984,,,37500,,37500,,,2398
1984,26,,300000,20000,320000,,,469
1984,26,,300000,20000,320000,,,975
1985,10,7,,,7,,,1059
1985,,,1078,,1078,,,1837
1985,11,,2000,,2000,,,568
1985,21,,300,,300,,,501
1985,10,,2000,,2000,,,2067
1985,,,10000,,10000,,,1268
1986,96,,20000,,20000,,,2013
1986,96,,20000,,20000,,,577
1986,59,,700,,700,,,2956
1986,,,500000,,500000,,,2631
1986,24,,,,,,,2644
1986,38,,,,,,,305
1986,80,,,,,,,1966
1986,50,,,,,,,1928
1986,84,,1000,,1000,,,1547
1986,2,,38000,,38000,,,599
1986,77,,19000,,19000,,,1285
1986,,,,50000,50000,,,1379
1987,125,100,16000,1000,17100,5000,11924,1600
1987,,,,,,,,1379
1987,2,1,15000,,15001,,,213
1987,131,50,651,,701,1000,2385,2956
1987,,,13000,,13000,,,2304
1987,3,,26000,,26000,1700,4054,356
1987,25,,,,,,,1007
1987,41,,,,,,,2386
1987,55,,,,,,,298
1987,153,300,,,300,,,1028
1987,20,,,,,,,226
1987,30,,,,,,,1028
1987,37,,,,,4000,9539,2148
1987,38,84,,800,884,,,2956
1987,119,,,,,60000,143086,724
1987,119,,,,,60000,143086,2329
1987,4,,2000,,2000,,,1961
1988,7,,7500,2500,10000,,,1527
1988,,,1570,,1570,,,1997
1988,158,,100000,,100000,4600,10540,1921
1988,158,,100000,,100000,4600,10540,2403
1988,158,,100000,,100000,4600,10540,649
1988,21,,,,,,,2304
1988,43,,,,,,,1379
1988,200,,,,,,,779
1988,46,,,,,,,2177
1989,120,196,17000,,17196,,,2766
1989,120,196,17000,,17196,,,657
1989,,,,5500,5500,,,2418
1989,,,,5500,5500,,,2652
1989,,7,190,,197,,,937
1989,,,3000,,3000,,,175
1989,6,6,11595,,11601,341,745,1471
1989,22,,,,,,,2439
1989,18,44,,,44,,,164
1989,25,,,,,,,6
1989,150,,,,,,,361
1989,127,,,,,,,1418
1989,,,29000,,29000,,,853
1989,18,,32500,,32500,,,29
1990,169,,21000,,21000,4800,9955,2011
1990,1,32,2140,,2172,2100,4355,2011
1990,5,36,7000,,7036,,,2518
1990,,103,,,103,,,220
1990,,103,,,103,,,205
1990,,103,,,103,,,838
1990,33,,10265,,10265,8000,16591,818
1990,50,,,,,,,879
1990,36,,,,,,,6
1990,76,,,,,,,348
1990,130,,,,,,,271
1990,22,,,,,,,634
1991,57,8,,,8,13200,26263,1928
1991,,,1000,,1000,,,1058
1991,28,191,15000,1000,16191,18000,35813,2303
1991,28,191,15000,1000,16191,18000,35813,1773
1991,,,7679,,7679,1000,1990,261
1991,97,,,,,,,2546
1991,15,,240000,,240000,14800,29446,185
1991,33,,,,,,,1379
1991,55,,6000,,6000,,,1961
1991,48,,,,,,,271
1991,35,,,,,,,230
1991,41,,,,,,,1379
1991,13,,,,,,,2540
1991,133,,,,,,,1028
1991,10,27,,,27,,,1379
1991,63,,,,,,,2711
1991,38,,,,,,,2766
1991,115,,9000,,9000,,,1961
1991,115,,9000,,9000,,,1153
1992,2500,2103,,90000,92103,100000,193113,378
1992,,1,,7500,7501,,,1707
1992,,1,,7500,7501,,,851
1992,75,,37000,,37000,5400,10428,1114
1992,31,,,,,,,2676
1992,70,,,,,,,2338
1992,34,7,,,7,,,1383
1992,42,,,,,,,698
1992,69,,,,,,,2094
1992,32,32,,,32,,,1008
1992,57,249378,9330,6845,265553,,,1689
1993,1,12,3000,,3012,,,445
1993,2,,452,,452,,,579
1993,72,,8000,,8000,,,1662
1993,72,,8000,,8000,,,2159
1993,59,,259553,,259553,19301,36204,818
1993,17,27,,,27,,,2386
1993,41,2,,,2,,,2480
1993,16,,,,,,,1621
1993,21,,,,,,,2806
1993,35,,,,,,,2806
1993,23,,,,,,,1379
1993,20,,,,,,,2810
1993,,,,,,,,2810
1993,65,75,,,75,,,2784
1993,,,,,,13000,24385,2346
1994,207,1449,37620,10330,49399,170476,311647,151
1994,7,40,200000,,200040,,,1377
1994,4,,30000,,30000,1900,3473,192
1994,239,440,8280,,8720,2200,4022,1340
1994,1,52,2385,,2437,,,2165
1994,,28,39,,67,,,2572
1994,7,,2000,,2000,,,1810
1994,31,,,,,,,2239
1994,58,22,2700,,2722,,,6
1994,33,,187131,,187131,18145,33171,459
1994,5,,50000,,50000,1700,3108,683
1994,,,3000000,,3000000,,,6
1994,10,,,,,,,2659
1994,12,,,,,,,354
1994,37,,,,,,,271
1994,10,122,,,122,,,271
1994,8,,,1000,1000,,,1147
1994,3,,60000,,60000,,,1354
1994,6,,640,,640,1500,2742,341
1995,15,26,150,,176,,,2947
1995,15,26,150,,176,,,2604
1995,15,26,150,,176,,,578
1995,84,1868,52665,35685,90218,,,1699
1995,,38,1500,,1538,,,834
1995,27,,2200,,2200,,,2033
1995,3,,3000,,3000,,,2446
1995,47,,26000,10000,36000,400,711,1379
1995,47,,26000,10000,36000,400,711,2403
1995,45,,17500,,17500,,,1933
1995,45,,17500,,17500,,,1380
1995,18,472,201000,,201472,50000,88911,1446
1995,17,86,,,86,,,1114
1995,22,50,,,50,,,170
1995,,,500,,500,35000,62237,2058
1996,9,,,13000,13000,1200,2073,2215
1996,166,423,20125,5090,25638,4200,7256,1159
1996,13,7,5000,,5007,300,518,1575
1996,20,,556000,,556000,434800,751148,1028
1996,34,21,506,,527,430,743,2805
1996,6,,252965,,252965,126900,219229,1028
1996,23,4,,,4,,,1104
1996,117,,5373,,5373,,,6
1996,15,,,,,,,2564
1996,17,,,,,,,1712
1996,31,,,,,,,1389
1996,20,7,,,7,,,411
1996,338,,,,,,,1389
1996,12,11,,,11,,,898
1996,10,,,,,,,1389
1996,14,,10000,,10000,,,2251
1996,14,,10000,,10000,,,124
1997,672,,1065000,,1065000,88000,148554,2439
1997,20,300,2805,,3105,1100,1857,701
1997,1,,3000,,3000,,,2168
1997,240,70,32000,,32070,8000000,13504875,1155
1997,150,,,,,,,2766
1997,47,,,,,,,926
1997,14,31,,,31,,,256
1997,27,26,,,26,,,1073
1997,234,,,,,,,1557
1997,104,,,,,,,780
1997,20,28,,,28,,,1379
1997,36,29,,,29,,,271
1997,83,,,,,,,2922
1997,83,,,,,,,2403
1997,25,,,,,,,1928
1997,25,,,,,,,649
1997,120,200,,,200,,,1928
1997,120,200,,,200,,,649
1997,120,200,,,200,,,2742
1998,,,6000,,6000,,,2460
1998,3,,2000,,2000,1300000,2160997,1596
1998,777,,32665,,32665,,,2099
1998,11,,,,,,,2932
1998,,51,550,,601,,,1888
1998,22,14,,,14,400,665,1400
1998,672,,,,,,,1588
1998,672,,,,,,,1015
1998,33,88,3800,2560,6448,200000,332461,1390
1998,1,,310,190,500,,,2629
1998,34,,,,,,,1379
1998,42,,,,,,,1125
1998,42,,,,,,,2520
1998,45,,,,,,,271
1998,,,,25000,25000,,,1928
1998,,,,25000,25000,,,517
1998,4,,100000,,100000,,,1789
1999,5,220,14000,2700,16920,3900,6344,2997
1999,5,220,14000,2700,16920,3900,6344,2694
1999,5,220,14000,2700,16920,3900,6344,1000
1999,33,2,,,2,,,1693
1999,,,,,,1800,2928,1008
1999,,,,,,1800,2928,649
1999,1,,267,,267,,,2304
1999,1,,267,,267,,,2380
1999,45,,3751,,3751,,,271
1999,50,28,,,28,,,1925
1999,361,,,,,,,2739
1999,313,,,,,,,2763
1999,26,,,,,,,2631
1999,24,5,,,5,,,1541
1999,,,,,,3000,4880,1028
1999,34,,,,,,,667
1999,34,,,,,,,1261
1999,75,,,,,,,1870
1999,56,,,,,,,1111
1999,12,,16000,,16000,,,2631
1999,12,,16000,,16000,,,2323
1999,10,,627,,627,,,2601
1999,10,,627,,627,,,1860
1999,10,,627,,627,,,2380
2000,103,2714,200000,2000,204714,41000,64517,299
2000,103,2714,200000,2000,204714,41000,64517,1140
2000,38,,39852,,39852,,,417
2000,38,,39852,,39852,,,1018
2000,38,,39852,,39852,,,392
2000,38,,39852,,39852,,,1018
2000,38,,39852,,39852,,,2225
2000,38,,39852,,39852,,,1657
2000,38,,39852,,39852,,,970
2000,38,,39852,,39852,,,2450
2000,38,,39852,,39852,,,2853
2000,45,270,,52500,52770,30000,47207,2726
2000,45,270,,52500,52770,30000,47207,22
2000,45,270,,52500,52770,30000,47207,294
2000,45,270,,52500,52770,30000,47207,2023
2000,45,270,,52500,52770,30000,47207,1902
2000,,124,,4000,4124,2000,3147,852
2000,,124,,4000,4124,2000,3147,659
2000,,,5500,,5500,,,617
2000,,,5500,,5500,,,1026
2000,,,5500,,5500,,,859
2000,1,,3000,,3000,,,1478
2000,126,,50000,,50000,79000,124312,63
2000,126,,50000,,50000,79000,124312,971
2000,126,,50000,,50000,79000,124312,1525
2000,100,21,386000,,386021,34000,53502,2512
2000,100,21,386000,,386021,34000,53502,1834
2000,100,21,386000,,386021,34000,53502,545
2000,100,21,386000,,386021,34000,53502,1191
2000,100,21,386000,,386021,34000,53502,1234
2000,100,21,386000,,386021,34000,53502,2951
2000,100,21,386000,,386021,34000,53502,490
2000,100,21,386000,,386021,34000,53502,1095
2000,,,,520,520,,,1375
2000,,,,520,520,,,2023
2000,52,19,,,19,,,768
2000,52,19,,,19,,,2510
2000,52,19,,,19,,,700
2000,,,,,,,,1161
2000,,,,,,,,2529
2000,,,,,,,,2315
2000,10,,1516,,1516,,,1028
2000,15,,203,,203,,,80
2000,13,22,,,22,,,1856
2000,13,,,,,,,1379
2000,26,31,,,31,,,6
2000,10,3,,,3,,,1934
2000,10,3,,,3,,,1000
2000,31,5,,,5,,,2302
2000,41,,,,,,,2338
2000,481,11,,,11,,,1647
2000,481,11,,,11,,,1036
2000,32,,,,,,,2074
2000,16,66,,,66,,,542
2000,11,12,,,12,,,802
2000,10,30,,,30,,,1028
2000,34,,,,,11600,18253,1668
2000,40,,54085,2125,56210,43000,67664,1627
2000,40,,54085,2125,56210,43000,67664,1051
2001,130,,80000,,80000,10000,15303,516
2001,257,4,,3690,3694,,,703
2001,15,,,2000,2000,,,2696
2001,,12,12500,,12512,,,1346
2001,,,,,,,,992
2001,122,,,23000,23000,10000,15303,1674
2001,63,,,,,,,1097
2001,,,,310,310,,,769
2001,,,,600,600,,,2348
2001,16,,,,,,,607
2001,22,19,,,19,,,6
2001,27,,,,,,,1883
2001,47,,,,,,,2153
2001,350,,44,,44,,,1469
2001,31,,,,,,,516
2001,13,5,,,5,,,660
2001,42,35,,,35,,,1924
2001,42,35,,,35,,,455
2001,20,15,,,15,,,270
2001,20,15,,,15,,,2756
2001,12,6,,,6,,,270
2001,54,47,,,47,,,1074
2001,,,,,,,,1299
2002,8,632,8450,,9082,,,625
2002,21,,40,,40,,,691
2002,,48,2500,,2548,,,1535
2002,,,155,,155,,,882
2002,,,155,,155,,,819
2002,3,60,,,60,,,121
2002,,,5000,,5000,,,2298
2002,,,5000,,5000,,,1866
2002,13,,2000,,2000,,,1852
2002,150,750,500000,,500750,350000,527252,283
2002,14,,780,,780,,,2875
2002,14,,780,,780,,,1211
2002,14,,780,,780,,,358
2002,19,,,,,,,274
2002,19,,,,,,,794
2002,,,1000,,1000,,,2109
2002,13,,87000,,87000,1600,2410,2879
2002,,200,,,200,,,1146
2002,17,,757,,757,,,2387
2002,17,,757,,757,,,1706
2002,,,2,,2,,,2650
2002,9,1,,,1,,,282
2002,22,6,,,6,,,1420
2002,34,,,,,,,1363
2002,16,13,,,13,,,2821
2002,10,,,,,,,1161
2002,70,,,,,,,1287
2002,12,16,,,16,,,6
2002,10,15,,,15,,,2089
2002,53,17,,,17,,,88
2002,,,,500,500,,,1028
2002,32,5,,,5,,,2661
2003,3,,10000,,10000,,,2547
2003,3,,10000,,10000,,,1078
2003,,2,2500,,2502,,,1116
2003,1,,15000,,15000,,,2661
2003,21,74,1686,,1760,,,2474
2003,10,,20,,20,,,2870
2003,,,230,,230,,,1663
2003,10,,3700,,3700,,,1470
2003,241,30,1468,,1498,,,2661
2003,8,,25000,,25000,,,338
2003,148,,350000,,350000,,,338
2003,76,248,229300,,229548,3961,5835,201
2003,1,7,100,140,247,,,2915
2003,1,7,100,140,247,,,947
2003,,,500,,500,,,2939
2003,,,500,,500,,,1635
2003,3,,33000,,33000,,,810
2003,3,,33000,,33000,,,638
2003,3,,33000,,33000,,,1630
2003,12,,,,,,,2957
2003,12,,,,,,,17
2003,12,,,,,,,2609
2003,10,4,,,4,,,56
2003,17,,,,,,,201
2003,15,7,,,7,,,1638
2003,11,15,,,15,,,898
2003,55,2,,,2,,,413
2003,70,,63,,63,,,1460
2003,70,,63,,63,,,2940
2003,4,,94,,94,,,513
2003,17,,41,,41,,,1161
2003,10,,,,,,,1524
2003,20,,,,,,,2717
2003,14,40,,,40,,,271
2003,,,15000,,15000,1000,1473,201
2004,4,,2400,,2400,,,201
2004,37,682,13390,,14072,1000,1435,1312
2004,32,213,12620,,12833,55000,78902,1312
2004,33,311,83070,,83381,,,135
2004,,,4615,,4615,,,2238
2004,165708,,,532898,532898,4451600,6386210,2570
2004,165708,,,532898,532898,4451600,6386210,1392
2004,29,,,,,3500,5021,201
2004,44,11,,,11,,,2037
2004,1,40,30000,,30040,12000,17215,2392
2004,5,7,500,,507,,,2919
2004,,100,16728,,16828,,,21
2004,2,5,20000,,20005,,,103
2004,,,2100,,2100,,,2238
2004,5,,13000,,13000,60000,86075,788
2004,33,,5000,,5000,,,2743
2004,13,7,,,7,,,2562
2004,13,7,,,7,,,659
2004,,,1315,,1315,,,2474
2004,658,,58301,,58301,,,2690
2004,87,,21,,21,,,2065
2004,87,,21,,21,,,1622
2004,87,,21,,21,,,1281
2004,87,,21,,21,,,919
2004,25,56,,,56,,,863
2004,14,,,,,,,2740
2004,16,10,,,10,,,475
2004,223,11,,,11,,,2395
2004,14,,,,,,,1750
2004,14,,2,,2,,,2038
2004,14,,2,,2,,,1461
2004,12,,33,,33,,,1739
2004,22,,,,,,,2823
2004,,100,,,100,,,373
2004,12,,,,,,,179
2004,,101,,,101,,,599
2004,,,,2500,2500,,,742
2005,915,1146,104167,,105313,,,269
2005,1,4,680,,684,,,2017
2005,143,,,,,5000,6938,74
2005,15,3,,,3,,,1841
2005,33,,,,,,,738
2005,47,18,750,,768,,,269
2005,28,211,12000,,12211,,,269
2005,79,30,7781,,7811,,,269
2005,,,26000,,26000,,,2001
2005,25,10,,,10,,,128
2005,,,,,,,,269
2005,,,329,,329,,,2065
2005,150,,14,,14,,,583
2005,200,,,,,,,2445
2005,18,,34,,34,,,1495
2005,2,125,,,125,,,1028
2006,236,,618486,,618486,,,269
2006,8,200,1000,,1200,,,269
2006,39,39,17500,,17539,25000,33604,2907
2006,39,39,17500,,17539,25000,33604,1845
2006,236,56,28505,670,29231,55200,74197,2366
2006,236,56,28505,670,29231,55200,74197,189
2006,236,56,28505,670,29231,55200,74197,123
2006,236,56,28505,670,29231,55200,74197,1644
2006,236,56,28505,670,29231,55200,74197,437
2006,236,56,28505,670,29231,55200,74197,195
2006,236,56,28505,670,29231,55200,74197,1945
2006,236,56,28505,670,29231,55200,74197,168
2006,236,56,28505,670,29231,55200,74197,1522
2006,236,56,28505,670,29231,55200,74197,1183
2006,236,56,28505,670,29231,55200,74197,2850
2006,52,,18250,,18250,,,2222
2006,52,,18250,,18250,,,958
2006,52,,18250,,18250,,,1238
2006,19,,10000,,10000,27100,36426,1440
2006,19,,10000,,10000,27100,36426,2080
2006,19,,10000,,10000,27100,36426,1565
2006,19,,10000,,10000,27100,36426,713
2006,19,,10000,,10000,27100,36426,215
2006,19,,10000,,10000,27100,36426,1746
2006,19,,10000,,10000,27100,36426,1763
2006,19,,10000,,10000,27100,36426,867
2006,19,,10000,,10000,27100,36426,2830
2006,22,2,400,,402,,,90
2006,22,2,400,,402,,,1423
2006,22,2,400,,402,,,1168
2006,22,2,400,,402,,,1119
2006,22,2,400,,402,,,1515
2006,22,2,400,,402,,,1748
2006,22,2,400,,402,,,743
2006,22,2,400,,402,,,1216
2006,22,2,400,,402,,,223
2006,22,2,400,,402,,,2185
2006,41,,,,,,,2787
2006,3,2,1200,,1202,,,1129
2006,3,2,1200,,1202,,,1189
2006,3,2,1200,,1202,,,730
2006,3,2,1200,,1202,,,843
2006,3,2,1200,,1202,,,633
2006,3,2,1200,,1202,,,1186
2006,3,2,1200,,1202,,,1635
2006,5778,137883,2340745,699295,3177923,3100000,4166869,1310
2006,5778,137883,2340745,699295,3177923,3100000,4166869,1964
2006,5778,137883,2340745,699295,3177923,3100000,4166869,1684
2006,5778,137883,2340745,699295,3177923,3100000,4166869,280
2006,5778,137883,2340745,699295,3177923,3100000,4166869,777
2006,5778,137883,2340745,699295,3177923,3100000,4166869,1531
2006,5778,137883,2340745,699295,3177923,3100000,4166869,812
2006,5778,137883,2340745,699295,3177923,3100000,4166869,1199
2006,5778,137883,2340745,699295,3177923,3100000,4166869,2668
2006,5778,137883,2340745,699295,3177923,3100000,4166869,1572
2006,1,14,,100,114,,,1765
2006,802,543,35000,,35543,55000,73928,1114
2006,802,543,35000,,35543,55000,73928,1032
2006,802,543,35000,,35543,55000,73928,1464
2006,802,543,35000,,35543,55000,73928,140
2006,802,543,35000,,35543,55000,73928,806
2006,802,543,35000,,35543,55000,73928,2552
2006,802,543,35000,,35543,55000,73928,216
2006,802,543,35000,,35543,55000,73928,415
2006,802,543,35000,,35543,55000,73928,1051
2006,802,543,35000,,35543,55000,73928,280
2006,802,543,35000,,35543,55000,73928,2352
2006,,,11000,,11000,,,2758
2006,,,11000,,11000,,,1199
2006,,,11000,,11000,,,665
2006,,,11000,,11000,,,812
2006,,,11000,,11000,,,2797
2006,,,11000,,11000,,,1115
2006,,,5000,,5000,,,894
2006,,,5000,,5000,,,2372
2006,,,5000,,5000,,,909
2006,,,5000,,5000,,,953
2006,156,13,,8300,8313,27000,36292,1142
2006,156,13,,8300,8313,27000,36292,713
2006,11,,3000,,3000,10943,14709,233
2006,11,,3000,,3000,10943,14709,224
2006,11,,3000,,3000,10943,14709,1386
2006,11,,3000,,3000,10943,14709,404
2006,11,,3000,,3000,10943,14709,320
2006,11,,3000,,3000,10943,14709,2813
2006,11,,3000,,3000,10943,14709,1360
2006,11,,3000,,3000,10943,14709,1821
2006,11,,3000,,3000,10943,14709,2098
2006,11,,3000,,3000,10943,14709,2178
2006,11,,3000,,3000,10943,14709,2759
2006,17,,,,,,,2001
2006,,200,,,200,14000,18818,396
2006,,200,,,200,14000,18818,2144
2006,,200,,,200,14000,18818,1169
2006,,200,,,200,14000,18818,265
2006,,200,,,200,14000,18818,2309
2006,,200,,,200,14000,18818,1294
2006,,200,,,200,14000,18818,2184
2006,,200,,,200,14000,18818,68
2006,,200,,,200,14000,18818,2410
2006,,200,,,200,14000,18818,2977
2006,,200,,,200,14000,18818,312
2006,,200,,,200,14000,18818,1043
2006,,200,,,200,14000,18818,2377
2006,12,,,,,,,2781
2006,11,14,,,14,,,2462
2006,36,,71,,71,,,2622
2006,29,,,,,,,2923
2006,10,,50,,50,,,161
2006,35,,,,,,,1879
2006,50,,,,,,,989
2006,400,,250,,250,,,2768
2006,13,26,,,26,,,6
2006,12,11,,,11,,,664
2006,13,,,36000,36000,,,6
2006,13,,,36000,36000,,,1817
2006,13,,,36000,36000,,,2885
2006,11,,,,,,,489
2006,23,,,,,,,1028
2007,32,,3990,,3990,,,523
2007,32,,3990,,3990,,,2653
2007,32,,3990,,3990,,,536
2007,32,,3990,,3990,,,956
2007,68,1,217086,,217087,971000,1268971,810
2007,68,1,217086,,217087,971000,1268971,638
2007,68,1,217086,,217087,971000,1268971,2270
2007,68,1,217086,,217087,971000,1268971,955
2007,68,1,217086,,217087,971000,1268971,1027
2007,68,1,217086,,217087,971000,1268971,2344
2007,11,,,,,,,2075
2007,102,,,,,,,1495
2007,15,,10,,10,,,369
2007,5,100,,,100,,,1971
2007,22,,357,,357,,,1028
2007,74,26,11530,,11556,,,2312
2007,74,26,11530,,11556,,,96
2007,74,26,11530,,11556,,,1829
2007,74,26,11530,,11556,,,2125
2007,74,26,11530,,11556,,,2551
2007,74,26,11530,,11556,,,2681
2007,74,26,11530,,11556,,,865
2007,74,26,11530,,11556,,,1822
2007,74,26,11530,,11556,,,2666
2007,74,26,11530,,11556,,,1525
2007,74,26,11530,,11556,,,2863
2007,74,26,11530,,11556,,,556
2007,58,,5000,,5000,,,1409
2007,88,12,3377,,3389,,,2482
2007,88,12,3377,,3389,,,55
2007,88,12,3377,,3389,,,2966
2007,88,12,3377,,3389,,,456
2007,88,12,3377,,3389,,,1722
2007,88,12,3377,,3389,,,2078
2007,88,12,3377,,3389,,,1890
2007,127,95,259545,9875,269515,,,2275
2007,127,95,259545,9875,269515,,,525
2007,127,95,259545,9875,269515,,,2831
2007,127,95,259545,9875,269515,,,215
2007,127,95,259545,9875,269515,,,216
2007,127,95,259545,9875,269515,,,1666
2007,127,95,259545,9875,269515,,,488
2007,127,95,259545,9875,269515,,,2668
2007,127,95,259545,9875,269515,,,2332
2007,127,95,259545,9875,269515,,,1247
2007,127,95,259545,9875,269515,,,732
2007,127,95,259545,9875,269515,,,800
2007,127,95,259545,9875,269515,,,1948
2007,127,95,259545,9875,269515,,,2356
2007,127,95,259545,9875,269515,,,2483
2007,127,95,259545,9875,269515,,,2861
2007,127,95,259545,9875,269515,,,654
2007,127,95,259545,9875,269515,,,1632
2007,127,95,259545,9875,269515,,,2382
2007,127,95,259545,9875,269515,,,313
2007,127,95,259545,9875,269515,,,2651
2007,127,95,259545,9875,269515,,,2002
2007,127,95,259545,9875,269515,,,1952
2007,127,95,259545,9875,269515,,,849
2007,127,95,259545,9875,269515,,,2424
2007,127,95,259545,9875,269515,,,357
2007,127,95,259545,9875,269515,,,833
2007,127,95,259545,9875,269515,,,1075
2007,127,95,259545,9875,269515,,,13
2007,127,95,259545,9875,269515,,,1423
2007,127,95,259545,9875,269515,,,380
2007,127,95,259545,9875,269515,,,1599
2007,127,95,259545,9875,269515,,,2703
2007,4,,1000,,1000,,,1045
2007,4,,1000,,1000,,,2137
2007,25,82,422685,36800,459567,500000,653435,2013
2007,25,82,422685,36800,459567,500000,653435,2434
2007,25,82,422685,36800,459567,500000,653435,490
2007,25,82,422685,36800,459567,500000,653435,1367
2007,67,826,136834,,137660,200000,261374,1307
2007,67,826,136834,,137660,200000,261374,2522
2007,67,826,136834,,137660,200000,261374,710
2007,67,826,136834,,137660,200000,261374,2709
2007,67,826,136834,,137660,200000,261374,749
2007,67,826,136834,,137660,200000,261374,2012
2007,67,826,136834,,137660,200000,261374,267
2007,67,826,136834,,137660,200000,261374,1303
2007,67,826,136834,,137660,200000,261374,2196
2007,67,826,136834,,137660,200000,261374,1872
2007,,19,450,,469,,,275
2007,3,1800,20000,,21800,,,2126
2007,,,9758,,9758,,,2273
2007,,,9758,,9758,,,1635
2007,,,22154,,22154,,,226
2007,,,22154,,22154,,,2120
2007,4,,60000,,60000,,,2343
2007,4,,60000,,60000,,,2894
2007,15,,2000,,2000,,,1212
2007,15,,2000,,2000,,,2689
2007,15,,2000,,2000,,,2609
2007,365,,34542,,34542,,,271
2007,16,,312,,312,,,1028
2007,16,,312,,312,,,1027
2007,16,,312,,312,,,2772
2007,16,,312,,312,,,1946
2007,16,,312,,312,,,955
2007,22,50,,,50,,,1870
2007,77,,,,,,,1131
2007,47,,,,,,,289
2007,60,20,,,20,,,2833
2007,30,,,,,,,329
2007,50,,,,,,,2858
2008,11,,3500,,3500,,,201
2008,33,,83000,1420,84420,,,1217
2008,3,,12000,,12000,,,2087
2008,3,25,,,25,,,121
2008,2,60,565,,625,,,2341
2008,2,60,565,,625,,,286
2008,6,77,10000,,10077,,,2790
2008,,,600,,600,,,2238
2008,14,,7000,,7000,,,1831
2008,,,34514,,34514,,,1022
2008,,,1000,,1000,,,1389
2008,,,1000,,1000,,,2344
2008,,,1000,,1000,,,1063
2008,,,1000,,1000,,,638
2008,,,1000,,1000,,,2270
2008,3,,88261,1500,89761,,,810
2008,3,,88261,1500,89761,,,1005
2008,3,,88261,1500,89761,,,43
2008,3,,40000,,40000,653,822,521
2008,,,60000,,60000,,,1743
2008,,,60000,,60000,,,1751
2008,,,60000,,60000,,,829
2008,16,,118000,,118000,1080,1359,999
2008,16,,118000,,118000,1080,1359,1136
2008,16,,118000,,118000,1080,1359,961
2008,16,,118000,,118000,1080,1359,55
2008,16,,118000,,118000,1080,1359,650
2008,16,,118000,,118000,1080,1359,1320
2008,16,,118000,,118000,1080,1359,2548
2008,16,,118000,,118000,1080,1359,1133
2008,16,,118000,,118000,1080,1359,41
2008,16,,118000,,118000,1080,1359,2626
2008,16,,118000,,118000,1080,1359,686
2008,16,,118000,,118000,1080,1359,911
2008,16,,118000,,118000,1080,1359,1830
2008,16,,118000,,118000,1080,1359,2938
2008,16,,118000,,118000,1080,1359,2254
2008,16,,118000,,118000,1080,1359,946
2008,16,,118000,,118000,1080,1359,1843
2008,16,,118000,,118000,1080,1359,2443
2008,16,,118000,,118000,1080,1359,2168
2008,16,,118000,,118000,1080,1359,1015
2008,16,,118000,,118000,1080,1359,490
2008,16,,118000,,118000,1080,1359,115
2008,16,,118000,,118000,1080,1359,1132
2008,16,,118000,,118000,1080,1359,1487
2008,16,,118000,,118000,1080,1359,1874
2008,16,,118000,,118000,1080,1359,1550
2008,5,,11000,,11000,,,480
2008,5,,11000,,11000,,,2686
2008,5,,11000,,11000,,,1426
2008,5,,11000,,11000,,,115
2008,5,,11000,,11000,,,2648
2008,5,,11000,,11000,,,696
2008,5,,11000,,11000,,,106
2008,5,,11000,,11000,,,172
2008,5,,11000,,11000,,,1738
2008,24,,15000,,15000,,,434
2008,21,,,,,,,337
2008,21,,,,,,,689
2008,25,,,,,,,1495
2008,16,,,,,,,2559
2008,21,11,,,11,,,2025
2009,18,,12000,,12000,,,2087
2009,64,,1600,,1600,,,1250
2009,64,,1600,,1600,,,181
2009,5,250,4000,,4250,10000,12630,388
2009,5,250,4000,,4250,10000,12630,239
2009,,64,2985,,3049,9000,11367,960
2009,15,,5,,5,,,2307
2009,24,,,,,,,6
2009,11,,,,,,,2914
2009,247,,34,,34,,,622
2009,28,,,,,,,2920
2009,28,,,,,,,1132
2009,1195,1798,2500000,,2501798,2200000,2778697,2920
2009,1195,1798,2500000,,2501798,2200000,2778697,1132
2009,128,1442,338350,,339792,160000,202087,2920
2009,128,1442,338350,,339792,160000,202087,1132
2009,2,100,1410,,1510,2430,3069,2920
2009,2,100,1410,,1510,2430,3069,1132
2009,38,,10000,,10000,,,2307
2009,,,2500,,2500,,,2597
2009,6,4,700,,704,,,1062
2009,6,4,700,,704,,,956
2009,14,,,,,,,424
2009,100,15,,,15,,,1804
2009,100,15,,,15,,,1000
2009,46,,245,,245,,,1566
2009,41,,,,,,,2544
2009,25,,,,,,,1693
2009,20,13,,,13,,,1149
2010,322,454,136686,,137140,,,1655
2010,17,,,4600,4600,,,1905
2010,291,3417,9011,,12428,78000,96928,1655
2010,44,,,100,100,,,1655
2010,21,7,15000,,15007,,,1655
2010,530,412,11452,,11864,,,1655
2010,1,1,15059,,15060,,,1655
2010,10,,225,130,355,,,2026
2010,16,,200,,200,,,2026
2010,5,,28500,,28500,,,2087
2010,24,,,,,,,2026
2010,13,18,,,18,,,2597
2010,10,,78,,78,,,2499
2010,22,,44,,44,,,1394
2010,36,30,,,30,,,531
2010,12,25,,,25,,,1363
2011,1,,,95,95,,,2781
2011,,,60,1000,1060,,,2781
2011,,,12000,,12000,,,2920
2011,,,12000,,12000,,,1132
2011,21,,750,,750,,,2920
2011,21,,750,,750,,,1132
2011,19,4,,,4,,,340
2011,25,,,,,,,2620
2011,16,,,,,,,2244
2011,27,200,427,,627,,,2563
2011,28,,70,,70,,,2753
2011,3,5,2368,,2373,,,5
2011,10,,,,,5850,7047,2791
2011,10,,,,,5850,7047,2414
2011,,,,6000,6000,,,2907
2011,,,,6000,6000,,,2213
2011,,,,6000,6000,,,1616
2011,,,,6000,6000,,,2802
2011,,,,6000,6000,,,1845
2011,18,,3000,,3000,,,2632
2011,10,,54,,54,,,2506
2011,10,,54,,54,,,713
2011,13,,,3000,3000,,,2632
2011,34,,,,,,,2250
2011,10,,,,,,,1358
2011,18,,,,,,,1363
2011,7,,93,,93,,,1702
2011,25,,11,,11,,,952
2011,203,,13,,13,,,2780
2011,48,39,,,39,,,25
2012,16,60,10000,,10060,1000,1180,1369
2012,16,60,10000,,10060,1000,1180,1918
2012,16,60,10000,,10060,1000,1180,2066
2012,16,60,10000,,10060,1000,1180,1738
2012,8,,3770,,3770,,,944
2012,8,,625,,625,,,1494
2012,8,,625,,625,,,2081
2012,8,,625,,625,,,2543
2012,8,,625,,625,,,1980
2012,8,,625,,625,,,1481
2012,8,,625,,625,,,721
2012,8,,625,,625,,,575
2012,8,,625,,625,,,2779
2012,8,,625,,625,,,2461
2012,8,,625,,625,,,2917
2012,8,,625,,625,,,1417
2012,8,,625,,625,,,2036
2012,8,,625,,625,,,1581
2012,3,,10500,,10500,,,1456
2012,3,,10500,,10500,,,745
2012,5,,,490,490,,,701
2012,5,,,490,490,,,1392
2012,7,107,,,107,,,121
2012,6,43,5485,2355,7883,,,1103
2012,6,43,5485,2355,7883,,,420
2012,6,43,5485,2355,7883,,,2023
2012,,,1150,,1150,,,2191
2012,,,1150,,1150,,,2801
2012,,,1150,,1150,,,2911
2012,,,1150,,1150,,,1988
2012,,,1150,,1150,,,977
2012,4,5,1040,,1045,,,2811
2012,4,5,1040,,1045,,,2980
2012,13,,15210,,15210,,,2438
2012,13,,15210,,15210,,,108
2012,13,,15210,,15210,,,1317
2012,5,20,,1000,1020,,,5
2012,20,100,115,,215,,,2351
2012,20,100,115,,215,,,790
2012,20,100,115,,215,,,362
2012,12,,,,,,,2404
2012,12,,,,,,,1620
2012,12,,,,,,,594
2012,46,,,,,,,1775
2012,10,,,,,,,330
2012,13,,,,,,,1363
2012,58,,12,,12,,,1966
2012,23,,,,,,,25
2012,38,,207,,207,,,694
2013,48,2532,53403,,55935,130000,151213,2024
2013,48,2532,53403,,55935,130000,151213,2824
2013,17,,58040,,58040,2000,2326,2907
2013,17,,58040,,58040,2000,2326,1485
2013,17,,58040,,58040,2000,2326,1378
2013,12,,8140,,8140,,,1494
2013,12,,8140,,8140,,,2543
2013,12,,8140,,8140,,,2140
2013,12,,8140,,8140,,,65
2013,12,,8140,,8140,,,1160
2013,12,,8140,,8140,,,1581
2013,12,,8140,,8140,,,2169
2013,12,,8140,,8140,,,885
2013,12,,8140,,8140,,,140
2013,12,,8140,,8140,,,2473
2013,12,,8140,,8140,,,2187
2013,1,15,500,,515,,,11
2013,1,3,2735,,2738,,,11
2013,,,29727,,29727,,,1788
2013,34,,248846,,248846,3000000,3489523,788
2013,8,,1000,,1000,,,429
2013,8,,1000,,1000,,,2015
2013,8,,1000,,1000,,,1442
2013,8,,1000,,1000,,,1687
2013,8,,1000,,1000,,,2609
2013,8,,1000,,1000,,,1578
2013,8,,1000,,1000,,,2469
2013,8,,1000,,1000,,,189
2013,8,,1000,,1000,,,1813
2013,8,,1000,,1000,,,1897
2013,11,,115000,,115000,,,1034
2013,11,,115000,,115000,,,1632
2013,11,,115000,,115000,,,833
2013,11,,115000,,115000,,,380
2013,11,,115000,,115000,,,2002
2013,11,,115000,,115000,,,766
2013,,,23640,,23640,,,668
2013,,,23640,,23640,,,2973
2013,,,23640,,23640,,,2040
2013,,,23640,,23640,,,1364
2013,,,16000,,16000,,,2584
2013,,,16000,,16000,,,2465
2013,,,16000,,16000,,,1613
2013,,,16000,,16000,,,672
2013,,,16000,,16000,,,143
2013,,,16000,,16000,,,358
2013,,,22500,,22500,2000,2326,1974
2013,21,3,,,3,,,147
2013,21,3,,,3,,,2899
2013,13,,,,,,,2745
2013,13,,,,,,,659
2013,11,,189,,189,,,1855
2013,36,,,,,,,6
2013,28,,10,,10,,,740
2013,17,38,,,38,,,1182
2013,4,,84250,,84250,2000,2326,1252
2013,4,,84250,,84250,2000,2326,380
2013,4,,84250,,84250,2000,2326,2382
2013,4,,84250,,84250,2000,2326,615
2013,3,,13860,,13860,,,1646
2014,20,,128182,,128182,153000,175125,2631
2014,,,259100,1250,260350,173000,198017,2087
2014,11,,,4000,4000,2000,2289,480
2014,11,,,4000,4000,2000,2289,540
2014,32,2,32000,,32002,83000,95002,1788
2014,7,70,83088,,83158,103000,117894,1663
2014,32,,20000,,20000,600000,686764,2838
2014,32,,20000,,20000,600000,686764,2830
2014,13,,275,,275,,,939
2014,13,,275,,275,,,1206
2014,1,,10420,,10420,,,2570
2014,1,,10420,,10420,,,696
2014,1,,10420,,10420,,,2434
2014,1,,10420,,10420,,,919
2014,1,,10420,,10420,,,1430
2014,1,,10420,,10420,,,172
2014,1,,10420,,10420,,,490
2014,1,,10420,,10420,,,50
2014,19,,,,,,,1976
2014,108,,1900,2000,3900,,,1037
2014,108,,1900,2000,3900,,,2383
2014,108,,1900,2000,3900,,,713
2014,162,,,,,,,2832
2014,19,,,,,,,1363
2014,17,,53,,53,,,640
2014,17,,53,,53,,,317
2014,21,,,,,,,1472
2014,43,,,,,,,2094
2014,15,3,,,3,,,199
2014,15,3,,,3,,,2930
2014,18,,,,,,,1928
2014,13,2,,,2,,,1050
2014,13,2,,,2,,,2683
2014,13,2,,,2,,,2508
2015,11,,,,,,,1544
2015,,,8000,,8000,,,1148
2015,,62,12185,,12247,,,1549
2015,1,,8244,15,8259,,,715
2015,,,300,,300,,,473
2015,2,,25000,,25000,,,2662
2015,6,,,,,235000,268664,1369
2015,6,,,,,235000,268664,1132
2015,6,,,,,235000,268664,2066
2015,6,,,,,235000,268664,1918
2015,6,,,,,235000,268664,2648
2015,6,,,,,235000,268664,2384
2015,13,,,,,,,2065
2015,20,,,105,105,,,229
2015,12,,,55,55,,,1560
2015,19,,409664,,409664,1000000,1143250,2952
2015,142,,,,,,,2637
2015,54,,,,,,,1223
2015,16,,,,,,,1028
2015,14,,,,,,,25
2015,78,37,,,37,,,581
2015,,,25750,,25750,,,613
2016,5,,24000,,24000,,,1629
2016,8,,80313,,80313,2000,2258,1629
2016,6,,12500,,12500,,,655
2016,62,,,,,25000,28225,1266
2016,,8,360,,368,,,2345
2016,,8,360,,368,,,1656
2016,15,,,,,,,186
2016,12,,1,,1,,,2914
2016,,,30000,,30000,,,1388
2016,53,,,8920,8920,22000,24838,2298
2016,53,,,8920,8920,22000,24838,28
2016,2,,4500,,4500,,,2707
2016,10,,105000,,105000,10000,11290,1008
2016,,,105753,,105753,74000,83546,2775
2016,,,3410,,3410,,,1116
2016,104,857,85161,,86018,100000,112901,11
2016,5,,19669,,19669,,,1629
2016,13,,,,,,,1718
2016,60,,,,,,,1823
2016,11,,,,,,,62
2016,,,1354,,1354,,,2199
2017,11,35,,2000,2035,,,2625
2017,7,11,25000,,25011,2000,2211,2494
2017,8,,17410,,17410,19000,21004,2857
2017,12,,50500,,50500,2000,2211,1399
2017,9,,12000,,12000,,,2353
2017,4,36,8859,,8895,,,1028
2017,12,4,355,,359,,,2812
2017,2,,2280,,2280,,,2708
2017,4,,282345,75,282420,,,931
2017,28,17,,160,177,11000,12160,898
2017,10,9,,,9,,,898
2017,11,50,,,50,,,599
2017,11,50,,,50,,,112
2017,40,,194,,194,,,330
2017,46,10,,,10,,,2782
2017,2,,400,,400,,,1816
2017,2,,400,,400,,,293
2017,,,133349,,133349,,,2516
2018,4140,,2000000,,2000000,1450000,1564697,978
2018,21,38,,,38,,,2257
2018,35,,20000,,20000,,,1621
2018,13,,3000,,3000,,,1379
2018,13,,3000,,3000,,,1619
2018,3,1,12000,,12001,,,2358
2018,9,,5463,,5463,,,271
2018,20,,100000,,100000,,,1433
2018,564,1584,445343,70000,516927,790000,852490,1330
2018,564,1584,445343,70000,516927,790000,852490,2754
2018,453,14059,33719,,47778,250000,269775,1384
2018,15,14,50000,,50014,,,2974
2018,1,11,13800,,13811,80000,86328,1028
2018,14,135,102717,,102852,29000,31294,2775
2018,10,24,755,,779,5000,5396,1412
2018,,,50000,,50000,,,2974
2018,33,,,,,,,2105
2018,189,,,,,,,330
2018,21,,,,,,,2700
2018,180,,,,,,,1363
2018,34,,155,,155,,,2606
2018,13,,155,,155,,,2821
2018,,,3000,,3000,,,2484
2019,13,,19,,19,,,2909
2019,2,,2650,,2650,,,1752
2019,9,4,168393,,168397,,,6
2019,9,4,168393,,168397,,,1376
2019,18,2,13000,,13002,15000,15898,992
2019,84,47,6596,,6643,,,2230
2019,,48,1715,,1763,,,2793
2019,9,45,1250,,1295,,,1011
2019,206,915,58625,,59540,103000,109169,2781
2019,5,,860,,860,,,2249
2019,2,,2258,,2258,,,120
2019,2,,2258,,2258,,,2189
2019,1,,52000,,52000,,,2631
2019,1,,52000,,52000,,,2295
1913,138,,,,,,,1584
1924,60,,,,,,,1379
1932,,,,365,365,,,2338
1932,,,,365,365,,,1200
1936,,,,845,845,,,2904
1950,16,50,,,50,,,1973
1967,14,,,10000,10000,,,1979
1971,1,6,6885,,6891,,,1509
2019,66,110,501000,,501110,1200000,1271872,270
2019,6,,60000,,60000,,,1354
2019,8,134,5790,5880,11804,,,1057
2019,,,,,,,,164
2019,6,4,2100,,2104,,,1601
2019,31,179,247239,,247418,,,445
2019,14,,5000,,5000,,,1256
2019,12,43,,,43,,,6
2019,28,13,,,13,,,1363
2019,22,39,,,39,,,830
2019,22,,,,,,,6
2019,30,,,,,,,1938
2019,2,,55495,,55495,,,553
2019,,,9435,,9435,,,1621
2020,4,,100,,100,,,2685
2020,7,3,12000,,12003,2100,2199,2685
2020,2,2,1850,,1852,,,6
2020,6,,115000,,115000,10000,10470,2793
2020,,,2000,,2000,,,1257
2020,7,,3805,,3805,,,1916
2020,105,51,14483,,14534,10000,10470,1916
2020,15,,10000,,10000,,,1069
2020,10,,,,,,,1363
2020,,,1490,70,1560,,,1916
2020,,,19736,,19736,,,1796
2020,,,19736,,19736,,,1611
2020,,,550,,550,,,447
2020,2,,40000,,40000,7200,7538,1155
2020,,,25000,,25000,,,301
2020,4,,41837,,41837,,,2690
2020,,,23461,,23461,,,1824
2020,,,18200,,18200,,,360
2020,,,10905,,10905,,,1370
2020,11,,170,,170,,,1916
2020,10,,10,,10,,,1879
2020,,,7213,,7213,,,1257
2020,10,,75000,,75000,,,2527
2020,9,22,2100,,2122,,,428
2020,10,,112000,,112000,,,324
2020,,,84609,,84609,,,201
2020,1,,56488,,56488,,,2725
2020,2,,110000,,110000,,,2725
2020,,,1835,,1835,,,2725
2020,,,10000,,10000,,,2725
2020,5,,110000,,110000,,,2822
2021,110,826,99827,,100653,58700,58700,1155
2021,21,,126025,,126025,,,1155
2021,,,1974,,1974,,,1575
2021,,,75506,,75506,,,1155
2021,,,6408,,6408,,,1575
2021,9,,62900,,62900,,,1155
2021,,,11839,,11839,,,1575
2021,,,43000,,43000,,,1899
2021,,,750,,750,,,2069
2021,13,,1470,,1470,,,2840
2021,226,21,509604,,509625,800000,800000,1569
2021,9,39,5520,420,5979,,,34
2021,3,82,2620,1830,4532,,,271
2021,,7,1730,,1737,,,1575
2021,52,144,10965,,11109,20000,20000,1575
2021,,,1329,,1329,,,2822
2021,9,,1275,,1275,,,709
2021,3,,10000,,10000,,,1916
2021,19,16,175,,191,,,443
2021,62,,,,,,,630
2021,27,39,,,39,,,512
2021,55,,81,,81,,,1956
2021,41,31,,,31,,,2782
2021,2,,25400,,25400,,,6
2021,7,,228650,,228650,50000,50000,599
2021,1,,90590,,90590,,,1575
2021,,,59800,,59800,,,599
2021,,,79095,,79095,,,53
2021,,,2226,,2226,,,109
2021,,8,11020,,11028,,,2286
2021,6,8,78730,,78738,,,164
2021,2,,27500,,27500,,,2788
2022,10,,6500,,6500,,,818
2022,,2,300,,302,,,445
2022,,1975,13415,,15390,,,2065
2022,,1975,13415,,15390,,,1132
2022,13,34,,,34,,,6
2022,4,3,16000,,16003,,,553
2022,15,388,24000,515,24903,,,2793
2022,,,253,,253,,,2737
2022,28,,,,,,,271
2022,1,,14700,,14700,,,2822
2022,5,,31800,,31800,,,818
1965,6,,300000,,300000,1000,8600,562
1967,,,3000,,3000,2600,21120,627
1967,50,,125000,15000,140000,25600,207949,1326
1967,50,,125000,15000,140000,25600,207949,2921
1968,2,,5,,5,,,1422
1968,21,,10000,,10000,,,1658
1970,61,,243000,,243000,37000,258233,1422
1970,61,,243000,,243000,37000,258233,364
1977,,,50,,50,,,1422
1977,,,50,,50,,,364
1978,,,3000,,3000,,,3002
1980,3,200,3000,,3200,,,3003
1983,10,,15000,,15000,,,3004
1984,200,,6,,6,,,3005
1986,11,,25000,,25000,11500,28430,3006
1987,,,1000,,1000,863,2058,3007
1987,3,,2576,,2576,,,3008
1988,27,,60000,,60000,,,3009
1988,30,300,,,300,,,3010
1989,21,,,,,,,3011
1989,27,,,,,,,3012
1991,263,,3750,,3750,,,3013
1991,120,,,,,,,3014
1991,56,61,,,61,,,3015
1991,56,61,,,61,,,3016
1993,72,,,,,,,3013
1993,30,,20000,5000,25000,,,1326
1993,28,,,,,,,373
1993,49,,,,,,,3013
1994,61,,,,,,,3013
1994,11,,,,,,,3017
1995,20,23,,,23,,,3018
1995,20,23,,,23,,,3016
1995,,,,3000,3000,,,3019
1995,32,19,,,19,,,3020
1995,,,,,,18000,32008,3021
1996,270,26,1150,3000,4176,52000,89834,3022
1996,,,418,,418,,,3023
1996,,,418,,418,,,3024
1996,,,607,,607,,,3025
1996,,,607,,607,,,3026
1996,13,,4800,,4800,,,3027
1996,13,,4800,,4800,,,3028
1996,11,,,,,,,3029
1996,50,12,,250,262,,,3030
1997,2,,2115,,2115,1000,1688,3031
1997,,,,,,300000,506433,3013
1997,17,,,,,,,3032
1997,50,,19544,,19544,,,3032
1997,10,,,,,,,3033
1997,10,,,,,,,3034
1997,29,,,,,,,2810
1997,,,5000,,5000,,,3035
1997,28,,2140,,2140,,,3032
1998,,,,,,2000,3325,3013
1998,38,,,,,,,3036
1998,105,,160,,160,,,3037
1998,,,5000,,5000,,,3038
1998,,,2500,,2500,,,3039
1999,1,,2000,,2000,,,3040
2000,12,,8000,,8000,1000,1574,3041
2000,2,,508,,508,,,3042
2000,15,,,,,,,3043
2000,53,,,,,,,3044
2000,2,,480,,480,,,3045
2000,,,500,,500,,,3046
2001,,,10000,,10000,,,3047
2001,11,,18000,,18000,,,3048
2002,2,,155,,155,,,3049
2002,2,,155,,155,,,3050
2001,14,,,,,,,3051
2001,,,5000,,5000,,,3052
2001,,,200,,200,,,3053
2002,10,,,,,,,3054
2002,2,,3,,3,,,3038
2003,5,,3000,,3000,,,3055
2003,,,2000,,2000,,,3056
2003,3,,13800,,13800,,,3057
2004,1,,40000,,40000,,,3053
2004,80,767,,4296,5063,500000,717294,3046
2004,3,,6900,,6900,,,3059
2004,3,,6900,,6900,,,3060
2004,,,9138,,9138,,,3061
2004,13,,,15000,15000,10000,14346,3062
2004,,,1000,,1000,,,3063
2005,4,,600,,600,,,3064
2005,,,,,,,,3065
2005,9,,30000,,30000,,,1326
2006,6,,100000,,100000,22000,29571,3066
2006,,,1112,,1112,,,3061
2006,,,4906,,4906,,,3067
2006,,,500,,500,,,3068
2007,17,,137533,,137533,605000,790657,3042
2007,17,,137533,,137533,605000,790657,3070
2007,29,,,29000,29000,363000,474394,3048
2007,56,,,,,,,3013
2008,,,2000,,2000,,,3048
2008,,,6000,,6000,,,3073
2009,,,1793,,1793,,,3031
2009,,,9082,,9082,,,3075
2010,26,11,,,11,,,3076
2011,2,,20000,,20000,,,3061
2011,16,6,,,6,,,3078
2013,4,,75000,,75000,2000,2326,3013
2013,37,16,,,16,,,3080
2013,23,,187,,187,,,1928
2013,40,,4,,4,,,3076
2014,17,,230000,,230000,284000,325068,3081
2014,239,,,,,,,3013
2014,20,,,,,,,3082
2014,30,,,,,,,3083
2014,20,,,,,,,3013
2014,11,,,,,,,3076
2014,,,2200000,,2200000,,,3063
2015,24,10,,,10,2,2,3084
2015,1,,3000,,3000,,,3085
2015,61,,,,,,,3086
2015,61,,,,,,,3087
2016,18,,,,,,,3076
2016,,,6000,,6000,,,3085
2016,28,,34,,34,,,3076
2016,,,441,,441,,,3063
2016,,,400,,400,,,3075
2016,,,25000,,25000,132000,149029,3089
2017,,,426,,426,,,3090
2017,2,,13000,,13000,,,3009
2017,40,2,,,2,,,3013
2017,11,,,,,,,3091
2017,24,,,,,,,3013
2017,,,5481,,5481,,,3092
2017,7,,3500,,3500,,,3025
2017,7,,3500,,3500,,,3026
2018,,,4900,,4900,,,3029
2018,2,,12000,,12000,,,3040
2019,,2355,,,2355,,,3042
2019,,,1000,,1000,,,3097
2019,,,2412,,2412,,,3098
2019,2,,15000,,15000,,,3076
2019,,,4065,,4065,,,3100
2019,,,4065,,4065,,,3101
2020,,,2000,,2000,,,3102
2020,,,9273,,9273,,,3100
2020,,,9000,,9000,6800,7119,3103
2020,,,1210,,1210,,,3076
2020,,,400,,400,,,3103
2021,7,3,4825,,4828,,,3031
2021,,,1000,,1000,,,3105
2021,2,,255,,255,,,3103
2021,8,,23776,,23776,,,3086
2021,8,,23776,,23776,,,3087
2021,56,,120000,,120000,1460000,1460000,3086
2021,56,,120000,,120000,1460000,1460000,3087
2021,38,,,,,,,3013
2021,,200,,,200,,,3013
2021,6,,3000,,3000,,,3106
2021,,,6000,,6000,,,3107
2021,,,5782,,5782,,,3103
2022,18,,,,,,,3108
2022,6,,26000,,26000,240,,1326
2022,,,1290,,1290,,,3013
1977,105,48,5000,,5048,,,3109
1977,105,48,5000,,5048,,,3110
1977,105,48,5000,,5048,,,3111
1977,2,48,,1500,1548,,,3112
2002,7,33,50,,83,50000,75322,3113
2002,46,8,,,8,,,3114
2003,30,,,,,1000,1473,3115
2003,30,,,,,1000,1473,3116
2004,21,13,,,13,,,3117
2007,76,,20000,,20000,3900000,5096795,3118
2007,12,,11,,11,,,3119
2010,16,,,,,1000000,1242664,3120
2010,16,,,,,1000000,1242664,3121
2010,16,,,,,1000000,1242664,3122
2010,16,,,,,1000000,1242664,3123
2010,16,,,,,1000000,1242664,3124
2010,16,,,,,1000000,1242664,3110
2010,16,,,,,1000000,1242664,3125
2010,16,,,,,1000000,1242664,3126
2011,14,200,,,200,,,3120
2011,14,200,,,200,,,3121
2011,14,200,,,200,,,3122
2011,14,200,,,200,,,3123
2011,14,200,,,200,,,3124
2011,14,200,,,200,,,3110
2011,14,200,,,200,,,3125
2011,14,200,,,200,,,3126
2015,,,6000,,6000,221000,252658,3118
2016,2,,,,,,,3127
2016,2,,,,,,,3128
2016,18,16,,,16,,,3129
2017,3,,200,,200,,,3130
2017,3,,200,,200,,,3131
2017,3,,200,,200,,,3132
2017,3,,200,,200,,,3133
2018,,,,,,,,3134
2018,,,,,,,,3135
2019,6,,,,,,,3136
2020,3,,100,,100,,,3137
2021,13,,,,,,,3138
2021,13,,,,,,,3133
2021,13,,,,,,,3140
2021,7,,90,,90,80000,80000,3141
2021,7,,90,,90,80000,80000,3142
1964,20,,1000,,1000,,,3143
1966,1,,317,,317,220,1837,3144
1981,45,98,,,98,,,3145
1982,,,,,,,,3146
1985,32,,,5000,5000,450000,1133589,3147
1986,67,,,,,,,3148
1990,1426,,,,,,,3149
1990,1426,,,,,,,3150
1991,98,,,,,,,3151
1991,261,,,,,,,3152
1994,182,,,,,,,3153
1994,182,,,,,,,3154
1996,30,,,,,,,3155
1996,18,15,,,15,,,3156
1996,13,33,,,33,,,3149
1997,343,1500,,,1500,,,3157
1998,118,250,,,250,,,3158
1998,118,250,,,250,,,3159
1999,12,8,,,8,,,3160
1999,12,,,,,,,3161
1999,37,130,,,130,,,3162
2000,76,,329,,329,,,3163
2000,22,,,,,,,3164
2000,26,2,,,2,,,3165
2001,35,,,,,,,3158
2001,35,,,,,,,3159
2002,19,,,,,,,3166
2002,40,10,,,10,,,3167
2002,17,22,,,22,,,3168
2002,15,50,,,50,,,3153
2003,,,13000,,13000,,,3169
2003,12,50,,,50,,,3166
2003,12,,,,,,,3170
2003,14,,,,,,,3171
2003,14,27,,,27,,,3153
2003,94,23,,,23,,,3172
2004,5,30,400,,430,,,3169
2004,251,240,,,240,,,3158
2005,29,17,50,,67,,,3173
2005,34,,,,,,,3174
2005,34,,,,,,,3175
2006,21,,,,,,,3152
2006,76,62,,,62,,,3153
2006,345,200,,,200,,,3176
2006,345,200,,,200,,,3177
2007,40,10,,,10,,,3178
2007,10,3,,,3,,,3172
2008,25,8,,,8,,,3179
2008,3,277,,,277,,,3180
2009,161,,,10000,10000,900000,1136740,3181
2009,161,,,10000,10000,900000,1136740,3182
2010,14,,,,,,,3183
2010,14,,,,,,,3184
2010,14,,,,,,,3185
2010,14,,,,,,,3186
2010,10,,85,,85,,,3187
2010,10,,85,,85,,,3188
2010,10,,85,,85,,,3189
2010,10,,85,,85,,,3190
2011,11,,,,,300000,361391,3191
2011,13,2,,,2,,,3192
2012,19,,,,,,,3174
2012,19,,,,,,,3194
2012,19,,,,,,,3195
2012,19,,,,,,,3185
2012,19,,,,,,,3197
2012,19,,,,,,,3198
2012,19,,,,,,,3199
2012,23,135,,,135,,,3172
2012,25,30,,,30,,,3200
2013,24,,900,,900,,,3201
2013,15,,121,,121,,,3202
2013,15,,121,,121,,,3203
2014,15,130,,,130,,,3204
2015,11,,,,,2000,2287,3205
2015,11,,,,,2000,2287,3184
2015,11,,,,,2000,2287,3189
2015,11,,,,,2000,2287,3208
2015,61,,,,,,,3209
2015,111,394,,,394,,,3149
2015,2236,805,,,805,,,3158
2015,10,259,,,259,,,3210
2015,24,123,,,123,,,3211
2015,12,,,,,,,3212
2015,12,,,,,,,3198
2015,12,,,,,,,3195
2015,12,,,,,,,3199
2016,3,,,,,,,3216
2016,3,,,,,,,3217
2016,3,,,,,,,3218
2016,12,11,,,11,,,3219
2016,12,11,,,11,,,3220
2016,18,,915,,915,,,3155
2016,18,,915,,915,,,3221
2016,18,,915,,915,,,3198
2016,18,,915,,915,,,3197
2016,18,,915,,915,,,3194
2016,18,,915,,915,,,3224
2016,3,2,120,,122,50000,56450,3225
2017,10,,,,,,,3172
2017,11,6,,,6,,,3226
2017,4,,481,,481,,,3227
2017,4,,481,,481,,,3228
2017,4,,481,,481,,,3197
2017,4,,481,,481,,,3230
2017,4,,481,,481,,,3231
2019,12,,271,,271,,,3232
2019,35,4,,,4,,,3204
2019,1,,36,,36,,,3233
2019,7,11,1100,,1111,,,3234
2020,3,,600,,600,,,3205
2020,3,,600,,600,,,3235
2020,3,,600,,600,,,3184
2020,3,,600,,600,,,3185
2020,3,,600,,600,,,3189
2020,3,,600,,600,,,3237
